ID,Name,Archetype,ProductsServices,CustomerTypes,Model,Barrier,CapitalReq,AILeverage,StrategicAcquirer,Feasibility,Value,BlueOcean,Physics,Velocity,SavedStatus,TAM_Customers,AvgRevPerCust,TAM_MUSD,Comments,LastUpdated
BI-0063,Vendor-Vision Shield,RegTech / LogiTech,"AI-driven Fiscal Continuity platform for US-MX supply chains; automates Mexican vendor underwriting via QR-forensics, IMMEX-status monitoring, and UFLPA-compliance verification.",CFOs & Supply Chain Risk Directors (US Tier-1 Manufacturers),SaaS (Tiered by Vendor Count) + Success Fee on Audit-Recovery,"The 'Nearshore Risk Ledger' (Aggregated Regulatory Data across 5,000+ MX Entities) + SAP/Oracle ERP Integration.",Low,98%,Dun & Bradstreet / Interos / SAP Ariba,5,5,5,5,5,DECK-READY,"4,500","35,000",157,,
BI-0089,STPS Shield-Sign,RegTech,AI-vision audit tool that identifies safety signage gaps per NOM-026-STPS; automatically generates 'Harmonized' OSHA/STPS bi-lingual signs and maintains a 'Legal Compliance Dossier' for federal inspections.,Safety & EHS Managers at US-owned Maquilas,Annual Compliance License ($12k - $15k per plant),Proprietary mapping of conflicting US/MX safety sign standards and vision-trained STPS hazard detection.,Low,95%,3M / Brady / Grainger,5,5,5,5,4,ARCHIVED,"6,500 (Regulated Maquilas)","12,000",78,,
BI-0120,Maquila-Compliance Scout,RegTech,AI-vetted fractional Trade Compliance Officers and automated regulatory knowledge-testing for IMMEX firms.,US Manufacturers (Maquiladoras),SaaS (Flat),Proprietary MX-Customs (SAT) Regulatory Assessment Engine,Low,80%,Korn Ferry / Deloitte,4,5,5,5,4,LAB-READY,"6,500","12,000",78,,
BI-0057,Tech-Compliance AI-Trans,RegTech / C,AI-automated ECN (Engineering Change Notice) translation & mandatory STPS/NOM compliance document management.,"Legal, Quality & Compliance VPs (US-MX Manufacturers)",SaaS (Annual Compliance License) + Per-Dossier Fee,Proprietary Industrial Glossary + PLM Integration,Low,98%,"RWS, Interos, or Major Insurance Underwriters (FM Global)",5,5,4,5,4,LAB-READY,"8,000","$15,000",120,,
BI-0038,STPS Voice-Shield,RegTech,WhatsApp-native AI agent that converts supervisor voice notes into legally-binding STPS safety 'Actas'; provides biometric voice-stamping and forensic audit trails to prevent IMSS premium hikes and federal labor fines.,CFOs & Legal Counsel of MX Maquiladoras,Annual Compliance License ($15k - $25k per plant),Proprietary mapping of voice-to-NOM-standards and forensic biometric-timestamping for MX labor courts.,Low,98%,Honeywell / Workday / Deel,5,5,4,5,4,ARCHIVED,"6,500 (Certified Maquilas)","20,000",130,,
BI-0162,Launch-Integrity Dashboard,FinTech / SaaS,Predictive Project Velocity Interface that converts leadership 'Cognitive Redundancy' into a 'Management Reliability Rider' for insurance premium arbitrage.,Insurance Brokers (Channel) & Industrial CFOs,SaaS (Flat) + 15% Success Fee on Insurance Premium Savings,Broker-Channel Lock-in + Actuarial Mapping of 6 Geniuses to DSU (Delay in Start Up) Risk.,Low,85%,Marsh McLennan / Aon / Willis Towers Watson,4,5,5,4,5,LAB-READY,"2,000","75,000",150,,
BI-0117,Nearshore Finance Audit AI,FinTech / D/C,"Forensic due-diligence agent for lenders and PE firms; provides industrial asset appraisals, thermal health scans, and deep SAT/Labor liability audits for cross-border deal closing.","Commercial Lenders, Equipment Finance Co's, & M&A Deal Teams","Certification Fee ($2,500 - $7,500 per asset)",Proprietary AI-vision validation (detecting machine wear via video) and strategic 'Preferred Auditor' status with US industrial banks.,Low,85%,Ritchie Bros / IronPlanet / Oracle NetSuite,4,5,5,4,5,LAB-READY,"1,500 (Banks & Leasing Entities)","120,000",180,,
BI-0138,IVA-Bond Audit AI,FinTech,Automated reconciliation of 3PL invoices against SAT Customs Pedimentos to recover overpaid VAT/IEPS taxes.,CFOs (US Manufacturers with MX Warehousing),Success Fee,Proprietary MX-Tax Reconciliation Logic (SAT/CBP sync),Low,98%,Deloitte / EY / Avalara,4,5,4,5,5,LAB-READY,"15,000","25,000",375,,
BI-0024,Instant-IVA FinTech,FinTech,AI-underwritten VAT factoring for Maquiladoras; audits monthly SAT filings to validate refund probability and provides immediate cash advances on pending IVA returns.,CFOs (Cash-Constrained Maquilas),Success Fee,Proprietary risk model for SAT refund rejection rates and legal factoring structure.,Med,95%,Greensill / C2FO / Konfio,4,5,4,5,5,ARCHIVED,"8,000","50,000",400,,
BI-0131,Fire-Shield InsureTech,FinTech / HardTech,IoT-connected fire safety network providing 'Continuous Compliance Proof' to insurance underwriters; triggers real-time property insurance premium rebates by guaranteeing 24/7 NFPA/STPS readiness.,CFOs & Risk Managers (Logistics & Industrial Parks),HaaS (Hardware-as-a-Service) + Insurance Commission,"Strategic partnerships with industrial insurers (e.g., FM Global, AXA) and proprietary 'Risk-Score' algorithms.",Medium,40%,Johnson Controls / Honeywell / Marsh McLennan,4,5,5,5,4,LAB-READY,"25,000 (US/MX Warehouses)","18,000",450,,
BI-0047,Bridge Wait AI-Alert,C,Real-time bridge-wait prediction alerts and driver detour-guidance apps.,Trucking Fleets,Subscription,Data Prediction IP,Low,98%,Trimble/Geotab,4,5,4,5,4,LAB-READY,"12,000","$6,000",$72,,
BI-0042,CKD-Pack AI,LogiTech / RegTech,AI-driven structural packaging design for automotive CKD exports; optimizes for maximum container density while automatically generating US/MX customs-compliant packing lists and 'In-Bond' documentation.,Logistics VPs at Tier-1 Auto Suppliers (US-MX Corridor),Success Fee (15% of Freight Savings Recovered),Proprietary bin-packing logic mapped to 19-digit HTS customs weight requirements.,Low,90%,Flexport / DHL Supply Chain / Magna,4,5,5,4,4,LAB-READY,"1,800 (Tier 1 & 2 Suppliers)","45,000",81,,
BI-0099,IMMEX Asset Shield,RegTech,"Automated 3-way reconciliation between GPS data, Customs Pedimentos, and SAT regulatory stay-limits.",CFOs / Tax Compliance Directors (Maquiladoras),SaaS (Flat),Automated Cross-Reconciliation of SAT/CBP Customs Data,Med,85%,Thomson Reuters / Descartes,4,5,4,5,4,LAB-READY,"6,000","15,000",90,,
BI-0109,Deal-Check AI,FinTech / RegTech,"Automated due-diligence agent for US Private Equity firms acquiring Mexican factories; performs 48-hour forensic audits of labor liability, SAT compliance, and IMMEX status to identify deal-breakers before closing.",Private Equity Deal Partners & M&A Attorneys,Project-Based Fee ($35k - $50k per Deal Audit),Proprietary risk-scoring algorithms mapped to Mexican STPS/SAT regulatory data-structures.,Low,90%,Intralinks / Deloitte / SS&C Technologies,4,5,4,5,4,ARCHIVED,"1,200 (PE Firms active in Ind. M&A)","90,000",108,,
BI-0088,Compliance-Escort AI,RegTech / LogiTech,"Specialized US-MX courier service for ITAR, Aerospace prototypes, and controlled samples; automates 'Temporary Export' (TIB) filings and provides biometrically-verified chain-of-custody logs for federal audits.",Trade Compliance Officers & Aerospace/Defense VPs,SaaS License + High-Ticket Escort Fee,Proprietary 'License Exception' logic engine and pre-vetted network of TSA/CBP-cleared escorts.,Low,70%,Expeditors International / FedEx Custom Critical,4,5,4,5,4,LAB-READY,"4,500 (Regulated Importers)","25,000",112,,
BI-0146,Calib-Lock AI,RegTech / HardTech,Smart-lock retrofits for tool cribs that physically enforce ISO/AS calibration compliance; denies access to uncalibrated tools or uncertified workers to prevent manufacturing recalls.,Quality Directors (Aerospace & MedTech Maquilas),HaaS (Hardware-as-a-Service) + Compliance Fee,Proprietary integration of smart-lock hardware with cloud-based calibration (Metrology) databases.,Med,85%,Snap-on / CribMaster / Hexagon,4,5,4,5,4,ARCHIVED,"4,500 (High-Compliance Plants)","25,000",112,,
BI-0055,FIBRA-Boost AI,FinTech,"NOI optimization engine for Industrial REITs; maps green certs to property tax (Predial) recovery, automates peak-demand power arbitrage, and monitors fire-risks to trigger insurance rebates.",CFOs & Asset Managers (Industrial FIBRAs/REITs),Success Fee,"Proprietary database of 2,000+ Mexican municipal 'Green Incentive' tax codes.",Low,85%,Altus Group / Ryan Tax / Prologis,4,5,4,5,4,LAB-READY,"2,500","45,000",113,,
BI-0016,CBAM-Shield AI,RegTech,Automated Scope 3 emissions auditor for US/EU-bound Maquila exports; connects directly to supplier CFE (Utility) portals to scrape energy usage and generate 'Carbon Tax' defense dossiers for CBAM and California SB-253 compliance.,Sustainability VPs & Supply Chain Directors (Auto/Aero OEMs),SaaS (Flat) + Compliance License,Proprietary database of Mexican Grid (CENACE) nodal carbon intensity factors and automated utility-scraping agents.,Low,85%,Watershed / Persefoni / SAP,4,5,4,5,4,ARCHIVED,"4,000 (Exporting Maquilas)","35,000",140,,
BI-0143,Nearshore Air-Audit AI,RegTech,Automated cleanroom compliance engine for US-MX manufacturers; maps real-time differential pressure and particle data directly to FDA and COFEPRIS audit formats with 'One-Click' certification.,Quality/Compliance VPs (MedTech & Pharma Maquilas),SaaS (Flat) - Annual Compliance License,Proprietary regulatory logic mapping FDA CFR 21 Part 11 to Mexican NOM standards.,Low,75%,Veeva Systems / MasterControl / IQVIA,4,5,4,5,4,LAB-READY,"3,200","45,000",144,,
BI-0140,Secure-Corridor AI,LogiTech,High-security telematics with AI-driven 'Anomalous Stop' detection and insurance-ready audit logs.,High-Value Cargo Carriers (Electronics/Pharma),HaaS (Hardware-as-a-Service),Proprietary 'Dark-Mile' Risk Scoring Algorithm,Med,90%,Samsara / Travelers Insurance,4,5,4,5,4,LAB-READY,"5,000","30,000",150,,
BI-0070,HazMat Shield AI,RegTech,"WhatsApp-native compliance engine for Mexican hazardous waste; automates SEMARNAT manifests, tracks the 'IMMEX Retorno' loop to the US, and provides an audit-ready 'Shutdown Shield' for federal inspectors.",CFOs & Legal Counsel of MX Maquiladoras,SaaS (Flat) - Annual Compliance License,Proprietary mapping of SEMARNAT/PROFEPA manifest requirements to AI-agentic workflows.,Low,95%,Clean Harbors / Veolia / Waste Management,4,5,4,5,4,LAB-READY,"8,500","18,000",153,,
BI-0116,Bond-Clerk AI,RegTech,Specialized AI agent for In-Bond (T&E/IT) customs compliance; automates US-MX transshipment filings and features a 'Bond-Watch' forensic reconciler to prevent liquidated damages claims and CBP fines.,Mid-Market 3PLs & IMMEX Maquilas (Cross-Border Transshipments),SaaS (Flat) + Per-Filing Transaction Fee,Proprietary bond-reconciliation logic engine and direct ACE/CBP connectivity for T&E movements.,Low,99%,Descartes / WiseTech Global / Flexport,4,5,4,5,4,LAB-READY,"8,500 (3PLs and Mid-Market Exporters)","18,000",153,,
BI-0075,CTPAT-Watch AI,RegTech,"AI-vision audit layer for existing factory cameras; automates CTPAT/OEA 17-point trailer inspections, seal-verification logs, and perimeter-breach dossiers required for US-MX 'Fast Lane' border status.",Trade Compliance Officers & VPs of Logistics (IMMEX Maquilas),SaaS (Flat) - Annual Compliance License,Proprietary AI training on CBP-standard 17-point inspection sequences and automated regulatory-log generation.,Low,95%,Descartes / WiseTech / Securitas,4,5,4,5,4,ARCHIVED,"6,500 (Certified Maquilas)","24,000",156,,
BI-0030,Cert-Eng Nearshore,D/C,"Regulatory-focused engineering talent deployment; specializes in ISO-13485 (Med), AS-9100 (Aero), and IATF (Auto) certified engineers for US firms launching in Mexico. Features a fractional-to-perm 'Instant Deployment' model.",US VPs of Ops & CTOs (Nearshoring Launch Phase),Success Fee (25% of Salary) + Interim Retainer,Proprietary database of certified Mexican engineers with verified US-export compliance histories.,Low,75%,Robert Half / Korn Ferry / Aerotek,4,5,4,5,4,LAB-READY,"4,500 (US Mid-Market OEMs)","35,000",157,,
BI-0018,Grid-Code Shield,RegTech,Automated power-quality auditor for Mexican factories; analyzes real-time meter data against 'Código de Red 2.0' standards to prevent CFE disconnection and federal fines.,Operations Directors & Legal Counsel (High-Voltage Plants),SaaS (Flat) + Compliance Audit Fee,Proprietary mapping of CRE technical manuals (voltage fluctuations/harmonics) to automated metering data.,Low,90%,Schneider Electric / Eaton / Siemens,4,5,4,5,4,LAB-READY,"6,500","25,000",162,,
BI-0130,Safety-Twin AI,RegTech,Dynamic safety-mapping platform that automates evacuation and hazard map updates; syncs with factory CAD files to ensure 100% compliance with STPS/OSHA standards after every floor layout change.,EHS Managers & Facility Directors (High-Churn Manufacturing),SaaS (Flat) - Annual Compliance License,Proprietary CAD-to-Regulatory-Map logic and dual US/MX safety standard harmonizer.,Low,90%,Autodesk / Grainger / Hexagon,4,5,4,5,4,ARCHIVED,"12,000 (US-MX Plants)","15,000",180,,
BI-0125,Haz-PPE Reclaim,LogiTech / CleanTech,"Specialized reverse-logistics for contaminated industrial PPE (oil/solvent soaked); converts expensive 'Hazardous Waste' streams into recycled feedstock, reducing disposal costs by 30-40% compared to incineration.",EHS Managers (Automotive & Aerospace Tier-1s),Service Fee (Arbitrage vs. HazMat Rates),Proprietary decontamination process and 'Scope 3' carbon-credit verification logic for EU-bound supply chains.,Med,60%,Waste Management / Veolia / TerraCycle,4,5,4,5,4,LAB-READY,"4,000 (Heavy Manufacturing)","45,000",180,,
BI-0002,Scrap-Cash AI,FinTech / RegTech,AI-driven forensic auditor that reconciles IMMEX import data against scrap-yard outfeeds; identifies unclaimed VAT/IEPS credits and automates SAT-ready 'Return-of-Value' dossiers.,CFOs of MX Maquiladoras (IMMEX),Success Fee (20% of Recovered Tax/Rebates),Proprietary HTS-code mapping for manufacturing waste and direct SAT-audit logic emulation.,Low,85%,Deloitte / EY / Thomson Reuters,4,5,4,5,4,ARCHIVED,"6,500","30,000",195,,
BI-0007,CTPAT-Drill AI,RegTech,Automated security-culture auditor; performs random WhatsApp-based 'Red Team' tests on drivers and guards to verify CTPAT protocol knowledge and generates audit-ready 'Training Verification' logs for CBP validation visits.,Trade Compliance Directors (Logistics & Maquilas),Annual Compliance License ($15k - $20k per fleet/site),Proprietary database of CBP/CTPAT 'Mustard' validation questions mapped to automated conversational testing flows.,Low,90%,KnowBe4 / Descartes / Flexport,4,5,4,5,4,ARCHIVED,"12,000 (CTPAT Certified Entities)","18,000",216,,
BI-0135,Metrology Shield AI,FinTech / RegTech,"Predictive metrology platform for FDA-regulated plants; features AI-driven 'Scale Drift' alerts, a smart-lock tool crib (HaaS) to enforce ISO/AS compliance, and a marketplace for certified on-site calibration.","Quality VPs (Pharma, Medical Device, Food & Bev)",Marketplace / Take-Rate (20% per calibration event),Proprietary predictive drift algorithms and a pre-vetted network of ISO-17025 labs.,Low,70%,Thermo Fisher / Fortive / Mettler Toledo,4,5,4,5,4,LAB-READY,"18,000 (Regulated Plants)","15,000 (Service Transaction Comm.)",270,,
BI-0151,V5-Forensic AI,FinTech / RegTech,AI-agent that performs forensic 3-way reconciliation of IMMEX 'Virtual Transfers' (V5 Pedimentos); identifies unclaimed VAT credits and discrepancy-based tax exposure before SAT audits occur.,CFOs of Mid-to-Large Maquilas (IMMEX),Success Fee (20% of Recovered VAT / Fines Avoided),Proprietary logic mapping for Mexican V5/V1 'Virtual' transaction flows and automated SAT-emulation audit trails.,Low,90%,Thomson Reuters / Avalara / Deloitte,4,5,4,5,4,ARCHIVED,"6,500","45,000",292,,
BI-0039,Customs-Audit AI,FinTech / RegTech,"Forensic AI agent for US-MX customs audit; ingest historic VUCEM data to identify HTS misclassifications, unclaimed duty drawbacks, and SAT compliance discrepancies that lead to mandatory federal fines.",CFOs & Trade Compliance Officers (IMMEX Maquilas),Success Fee (20% of Recovered Duties / Fines Avoided),Proprietary HTS-mapping logic and direct VUCEM automated ingestion protocols.,Low,95%,Thomson Reuters / Avalara / Descartes,4,5,4,5,4,ARCHIVED,"6,500 (Major Maquilas)","45,000",292,,
BI-0094,Metrology-Match AI,Marketplace,Free calibration-tracking software for Quality Depts that automates vendor booking; features an integrated marketplace for certified Metrology Labs and 'Audit-Ready' compliance guarantees.,Quality Managers & Certified Metrology Labs,Marketplace / Take-Rate (15% per service call),Proprietary network of pre-vetted ISO-17025 labs and automated audit-trail logic.,Low,40%,Mettler Toledo / Hexagon / Danaher,4,5,4,5,4,ARCHIVED,"25,000 (Factories)","12,000 (Service Comm.)",300,,
BI-0054,Label-Shield VMC,RegTech / HardTech,Automated label-integrity platform for high-compliance exports (UDI/IATF); features Vision-AI print verification and automated audit-log generation to prevent border rejections and regulatory fines.,Production Managers at MedTech & Automotive Maquilas,Compliance-as-a-Service (Usage-Based + Compliance License),Proprietary Vision-AI trained on regulatory label defects and direct integration with FDA/IATF audit data structures.,Low,85%,Zebra Technologies / Honeywell / Avery Dennison,4,5,4,5,4,LAB-READY,"12,000 (High-Compliance Plants)","28,000",336,,
BI-0102,Clean-Flow VMC,Marketplace,Free cleanroom compliance platform that automates air-filter differential pressure logging; features an 'Auto-PO' marketplace for HEPA/ULPA replacement and audit-ready 21-CFR reports.,Cleanroom Facility Mgrs (Pharma/Semi/MedTech),Marketplace / Take-Rate (8% per filter unit),Deep integration with HVAC sensors and proprietary 'Compliance-as-a-Service' certification layer.,Low,45%,Thermo Fisher / Danaher / Johnson Controls,4,5,4,5,4,LAB-READY,"6,500","55,000",357,,
BI-0019,FSMA-Gate AI,RegTech,Automated FSMA 204 compliance platform for MX-US food exports; captures 'Critical Tracking Events' via QR and generates audit-ready KDE dossiers required for FDA market access.,US Food Importers & Mexican High-Risk Food Exporters,SaaS (Flat) + Per-Pallet Compliance Fee,Proprietary mapping of FDA Rule 204 data structures to Mexican packing-house workflows.,Low,90%,Walmart / Sysco / Trimble (HarvestMark),4,5,4,5,4,LAB-READY,"15,000 (Cross-border Food Suppliers)","25,000",375,,
BI-0090,Risk-Eye Underwriter,InsurTech / RegTech,"CCTV-based visual audit agent that continuously monitors warehouse fire risks (blocked exits, high-pile limits); generates 'HPR-Ready' compliance data to unlock lower 'Highly Protected Risk' insurance premiums.",CFOs & Industrial Insurance Brokers,Success Fee (20% of Premium Savings),Proprietary computer-vision models trained on NFPA fire code violations and blocked-egress detection.,Low,95%,Marsh / Aon / FM Global,4,5,4,5,4,ARCHIVED,"18,000 (Warehouses >100k sqft)","25,000",450,,
BI-0080,FTZ Micro-Manager,FinTech,"Turnkey FTZ enablement platform for mid-market manufacturers; features automated ERP-to-CBP data mapping (e-214), automated bond management, and 'Duty-Deferral' ROI dashboards.",Industrial Park Developers & Mid-Sized US Importers,Setup Fee + Usage-Based (Per Entry Filing),Proprietary AI mapping of complex manufacturing BOMs to 'Zone-Status' inventory logic.,Low,85%,ProLogis / GXO Logistics / Descartes,4,5,4,5,4,LAB-READY,"15,000","35,000",525,,
BI-0031,USMCA Origin AI,FinTech,"Autonomous AI agent that solicits, validates, and archives USMCA Certificates of Origin from global suppliers; identifies 'Missed Duty Recovery' opportunities and generates audit-ready filings for US Customs.",CFOs & Tax Directors (Mid-to-Large US Importers),Success Fee (15% of Recovered Duty/Savings),Proprietary LLM trained on 19-digit Harmonized Tariff Schedule (HTS) logic and USMCA 'Regional Value Content' (RVC) math.,Low,95%,Avalara / Thomson Reuters / Bloomberg Tax,4,5,4,5,4,LAB-READY,"12,000","45,000",540,,
BI-0001,NOM-Auto-Labeler,B/C,"AI-generated NOM labels, compliance dashboard, and automated testing coordination.",US Exporters,Per-SKU Fee,NOM Tribal Knowledge,Low,95%,Customs Brokers,4,5,4,5,4,DECK-READY,"55,000","$14,400",$792,,
BI-0003,AI-Standard Work (SOP),C,"Video-to-Text SOP generator, interactive digital work instruction portal, and training logs.",Manufacturing HR,Subscription,IE Process Expertise,Low,90%,Workday/LMS,4,5,4,4,5,DECK-READY,"90,000","$42,000","$3,780",,
BI-0081,Border-Audit Shield AI,RegTech,Automated denied-party screening + 3-way reconciliation for SAT/CBP audit defense.,CFOs / Compliance Directors (IMMEX Maquilas),SaaS (Flat),US-MX Cross-Jurisdictional Compliance Logic,Low,95%,Thomson Reuters / Deloitte,5,5,3,5,4,ARCHIVED,"6,500","18,000",117,,
BI-0152,ESG Carbon-Tracer (Consolidated),SaaS / Compliance,Scope 3 emissions and resource auditor for US-MX exports; automates utility scraping and water-concession monitoring to generate CBAM and California SB-253 compliance dossiers.,US Public OEMs,Annual SaaS,Regulatory First-Mover,Low,90%,Salesforce / Watershed,5,3,5,4,5,DECK-READY,"8,000","$15,000",$120,,
BI-0027,Berry-Gate AI,RegTech,AI-agent platform for US berry distributors that automates Mexican grower compliance; ensures 'Audit-Ready' USDA/SENASICA dossiers and pre-screens shipments to prevent border rejections.,US Multi-National Berry Distributors & Packers,SaaS (Flat) + Per-Dossier Verification Fee,Proprietary AI training on USDA/SENASICA rejection patterns and cross-border perishables logic.,Low,90%,Trimble / TELUS Agriculture / Lineage Logistics,4,5,4,4,4,LAB-READY,450 (Distributors),"150,000",67,,
BI-0124,Water-Concession AI,RegTech / HardTech,"Non-invasive IoT water monitoring for Industrial Parks; provides real-time CONAGUA-standardized usage logs, leak-based concession protection, and automated ESG reports for US-MX nearshoring compliance.",Industrial REITs (FIBRAs) & Park Developers,SaaS (Flat) + Compliance License,Proprietary mapping of ultrasonic sensor data to Mexican CONAGUA 'NOM-001' regulatory structures.,Med,95%,Itron / Badget Meter / Prologis,4,5,4,4,4,ARCHIVED,"2,500 (Industrial Hubs)","30,000",75,,
BI-0036,BOM-Lock R&D Concierge,C/D,"Prototyping-as-a-service, engineering BOM optimization, and US-to-MX vendor setup.",US Startups,Retainer,Engineering Pedigree,Low,50%,Product Dev Firms,5,4,4,4,4,LAB-READY,"2,000","$40,000",$80,,
BI-0069,Grid-Yield AI,FinTech / HardTech,Industrial sub-metering platform for Nearshoring hubs; automates tenant billing and features 'Peak-Demand Arbitrage' to eliminate CFE penalties and increase FIBRA property valuation (NOI).,Industrial REITs (FIBRAs) & Asset Managers,SaaS (Flat) + Success Fee (20% of Peak-Savings),Proprietary algorithms for MX CFE 'Demanda Facturable' logic and industrial property NOI modeling.,Med,90%,Prologis / Schneider Electric / Honeywell,4,5,4,4,4,ARCHIVED,"2,500 (Industrial Parks)","35,000",87,,
BI-0148,Previsión-Pay AI,FinTech / RegTech,Tax-optimized worker retention platform for Maquilas; automates 'Social Welfare' (Previsión Social) education funds to reduce payroll tax liability (IMSS/ISN) while using AI to verify scholastic compliance and worker-retention ROI.,CFOs & HR Directors (High-Turnover Maquiladoras),Success Fee (Percentage of Tax Savings) + SaaS Subscription,Proprietary mapping of MX Social Welfare tax law into automated compliance workflows.,Low,85%,Deel / Workday / ADP,4,5,4,4,4,LAB-READY,"5,000 (Major Maquilas)","30,000",150,,
BI-0107,Scholarship-Tax AI,FinTech / RegTech,"Tax-optimized scholarship platform for Maquilas; automates 'Previsión Social' compliance to convert taxable bonuses into tax-exempt education funds, reducing employer payroll tax (IMSS/ISN) while increasing worker take-home pay.",CFOs & HR Directors (High-Turnover Maquiladoras),Success Fee (15-20% of Tax Savings) + SaaS Fee,Proprietary mapping of Mexican Fiscal Code Article 7 to automated scholastic-verification agents.,Low,90%,Deel / ADP / Workday,4,5,4,4,4,LAB-READY,"5,000 (Major Maquilas)","35,000",175,,
BI-0137,Demand Response Mgr,A/C,Demand-response energy management and utility-savings sharing.,Heavy Industry,Savings Share,Grid AI,Low,98%,Voltus,4,5,4,4,4,LAB-READY,"15,000","$18,000",$270,,
BI-0040,Asset-Hunter AI,LogiTech / FinTech,"Forensic recovery platform for high-value cross-border industrial packaging (steel racks, specialized bins); uses AI to reconcile 'In-Bond' customs data against warehouse IoT feeds to locate lost assets and eliminate 'Lost Equipment' penalties.",Supply Chain VPs & CFOs (Automotive & Aerospace OEMs),Success Fee (20% of Recovered Asset Value / Penalty Savings),Proprietary 'Asset-to-Pedimento' reconciliation logic and a pre-vetted network of MX-based recovery agents.,Low,85%,CHEP / Brambles / ORBIS,4,5,4,4,4,LAB-READY,"4,500 (Tier-1 Suppliers & OEMs)","65,000",292,,
BI-0008,IE Sprint-to-Value,SaaS,AI-driven 14-day 'Capacity Recovery' sprints; real-time bottleneck-to-dollar loss dashboards and automated IE action plans.,Small-to-Mid Sized Factories (High-utilization),Success-Linked Retainer (Base + % of Recovered Capacity),Proprietary cycle-time benchmarking and 'Single-Click' ROI reporting for CFOs.,Low,85%,Plex / Rockwell Automation,4,5,4,4,4,LAB-READY,"15,000","24,000",360,,
BI-0113,Claim-Agent AI,FinTech / LogiTech,Mobile-first visual audit tool that automates freight-damage claims; uses AI to detect pallet discrepancies during the US-MX border hand-off and autonomously files recovery dossiers against carrier insurance.,CFOs & Risk Managers (Cross-Border Logistics & 3PLs),Success Fee (20% of Recovered Claim),Proprietary liability-shift database and automated claim-filing integration with top 10 industrial insurers.,Low,95%,AXA / Allianz / Flexport,4,5,4,4,4,LAB-READY,"15,000 (US-MX Logistics Hubs)","25,000",375,,
BI-0136,STPS Shield AI Suite,RegTech,"WhatsApp-native compliance engine for STPS mandates; automates NOM-019 verification 'Actas', generates biometric-backed DC-3 training records, and executes NOM-035 psychosocial audits via mobile chat.","Legal Counsel, HR Directors & Safety VPs (MX Maquiladoras)","SaaS (Annual Compliance License) - $2,500/mo base",Linguistic & Legal Logic for DC-3/NOM-019 + WhatsApp API biometric verification.,Low,92%,"Workday, UKG, or Industrial Insurers (Risk Mitigation Acquisition)",3,5,4,5,4,LAB-READY,"5,000 (Maquilas)","30,000",150,,
BI-0121,MX Factura API,B/C,"Automated Mexican ""Factura"" API and cross-border billing portals.",US SaaS,Per API Call,PAC/SAT Integration,Low,99%,Stripe (Mexico),4,5,3,5,4,LAB-READY,"12,000","$15,000",$180,,
BI-0053,3PL Invoice Auditor,C,3PL invoice-error audit reports and automated billing-dispute management.,CFOs,% Found Savings,Auditing Logic IP,Low,98%,Cass Information,4,5,3,5,4,LAB-READY,"22,000","$12,000",$264,,
BI-0049,Compressed Air Leak AI,C,Acoustic compressed-air leak maps and ROI energy-saving reports.,Energy Managers,Savings %,Acoustic Analysis IP,Low,90%,Atlas Copco,4,5,3,5,4,DECK-READY,"45,000","$12,000",$540,,
BI-0153,C-TPAT Sentinel (Consolidated),RegTech,"Comprehensive trade security suite: Digital security logs, AI-vision trailer inspections, seal-verification, and automated WhatsApp 'Red Team' security-culture audits for C-TPAT/OEA compliance.",Logistics Directors,Monthly Subscription,Audit History Moat,Low,85%,Flexport / Descartes,4,5,4,4,3,DECK-READY,"12,000","$6,750",$81,,
BI-0098,Custom Packaging IE,D/C,Custom-engineered foam inserts and dimensional-weight reduction plans.,Ind. Shipping,Project/Sub,IE Structural IP,Low,80%,Pratt Industries,4,5,3,4,4,LAB-READY,"15,000","$8,000",$120,,
BI-0011,Vendor Shield (Sourcing),C/D,"Historical ""Pedimento"" audit reports and automated tax-refund filing services.",US Engineering,Commission %,Sourcing Network,Low,70%,Xometry,4,5,3,4,4,LAB-READY,"5,000","$25,000",$125,,
BI-0064,AI-Time Motion Study,C,Computer-vision time-motion studies and automated IE cycle-time reports.,IE Department,Per Study/Sub,Video AI IP,Low,98%,Industrial Consulting,4,5,4,3,4,LAB-READY,"18,000","$20,000",$360,,
BI-0145,Label Compliance Auditor,B/C,Label-compliance vision audits and automated pharma/food certs.,Pharma/Food,Subscription,FDA/COFEPRIS IP,Low,95%,Veeva,4,5,4,4,3,LAB-READY,"8,500","$48,000",$408,,
BI-0014,Warehouse Slotting AI,C,"Sourcing matching engine, technical supplier vetting, and ""Request for Quote"" (RFQ) management.",El Paso 3PLs,Performance Gain %,WMS Integration IP,Low,95%,Manhattan Assoc,4,5,4,4,3,LAB-READY,"15,000","$36,000",$540,,
BI-0154,VAT Recovery Bot (Consolidated),FinTech,"Forensic AI agent for IMMEX VAT recovery; reconciles historic VUCEM Pedimentos (including V5 Virtual Transfers), SAT data, and scrap-yard outfeeds to identify HTS misclassifications and recover unclaimed credits.",Maquiladora CFOs,Success Fee (%),Tax Law Complexity,Low,80%,Thomson Reuters / Deloitte,3,5,3,5,4,DECK-READY,"7,000","$25,000",$175,,
BI-0005,Backhaul Buddy AI,LogiTech,AI-driven load-matching platform specifically for cross-border backhauls; real-time 'Empty-Mile' optimization reports and carrier matching.,US-MX Shippers & Cross-Border Fleet Owners,Marketplace / Take-Rate (10% of match value),Proprietary network density and real-time border-wait data integration.,Low,90%,Flexport / Uber Freight / C.H. Robinson,5,5,3,4,3,LAB-READY,"12,000","25,000",300,,
BI-0006,Pedimento Error Hunter,B/C,"Warehouse ""Digital Twin"" simulations and quarterly layout-optimization blueprints.",CFOs (MX),% of Tax Refund,Customs Law Expertise,Low,90%,Specialized Law,4,5,4,5,2,LAB-READY,"8,500","$25,000",213,,
BI-0097,3PL Billing AI Audit,C,3PL billing transparency dashboards and automated freight-overcharge claims.,3PL Clients,% of Error Found,Billing Logic IP,Low,99%,nVision Global,4,5,2,5,4,LAB-READY,"22,000","$12,000",264,,
BI-0139,Foam Insert Design AI,C,AI-structural packaging design and fragile-good protection audits.,Electronics Co,Per Design,Structural IE IP,Low,95%,Sonoco,4,4,3,4,4,LAB-READY,"15,000","$8,000",$120,,
BI-0037,Automated Entity Setup,RegTech,Automated SAT/RFC registration portal and pre-cleared Mexican legal entities.,US SMBs,Project + Retainer,Legal Automation IP,Low,95%,LegalZoom (Industrial),3,4,2,4,4,PIVOT,"5,000","$3,500",18,,
BI-0073,Drone Roof Inspector,HardTech,Drone-based factory roof-scans and thermal solar-efficiency maps.,Property Managers,Project + Retainer,Drone Vision AI,Low,95%,Katerra,3,4,2,4,4,PIVOT,"20,000","$4,000",80,,
BI-0025,Tooling Calibration AI,SaaS,Gauge/Tool calibration scheduling software and digital ISO-9001 cert library.,Quality Managers,SaaS (Seat-Based),ISO 9001 Knowledge,Low,90%,Hexagon/Mitutoyo,4,4,2,4,3,ARCHIVED,"20,000","$6,000",120,,
BI-0079,Industrial Laundry Audit,SaaS (Flat),Industrial laundry chemical-usage audits and water-savings dashboards.,Hotels/Plants,Success Fee,Water/Chem Math,Low,95%,Ecolab,4,4,2,4,3,PIVOT,"15,000","$8,000",120,,
BI-0093,Dock Scheduling AI,LogiTech,Dock-scheduling software and automated carrier-appointment portals.,Warehouse Managers,SaaS (Flat),Queuing Theory AI,Low,98%,FourKites,4,4,2,4,3,PIVOT,"18,000","$9,000",162,,
BI-0104,Pipe Labelling App,B/C,ASME-compliant pipe labelling apps and automated fluid-path maps.,Chemical Mgrs,Subscription,ASME/Regulatory IP,Low,95%,Brady Corp,5,2,4,3,3,PIVOT,"5,000","$1,200",$6,,
BI-0086,Precision Ag-Sensors,C,Soil-moisture Ag-sensor networks and automated pecan-yield predictions.,Nut Growers,Subscription,Soil/Yield Math,Med,90%,John Deere,3,5,4,3,2,PIVOT,"1,500","$15,000",$23,,
BI-0048,Lithium SC Compliance,B/C,Lithium supply chain compliance audits and specialized safety-protocol training.,Battery Tech,Monthly Sub,New Battery Regs,Low,80%,Tesla/Albemarle,3,4,5,3,2,PIVOT,"1,200","$30,000",$36,,
BI-0150,Exit Readiness SaaS,D/C,Exit-strategy SaaS and automated M&A-readiness data-room.,Owners,Monthly Sub,M&A IE IP,Low,85%,Axial,4,5,3,3,2,PIVOT,"3,000","$18,000",$54,,
BI-0134,Slotting AI for Cold,C,Cold-storage thermal-slotting and energy-bill reduction reports.,Cold Storage,Energy Savings %,Thermal Logic IP,Low,95%,Americold,3,5,4,3,2,PIVOT,"3,000","$30,000",$90,,
BI-0012,Real-Time Yield Monitor,C,"Mass-balance reconciliation software and ""Theft/Leakage"" real-time alerts.",Food/Ag Plants,Subscription,IE Mass-Balance IP,Med,85%,Cargill/ADMs,3,5,4,3,2,PIVOT,"8,000","$24,000",$192,,
BI-0084,Boiler Tune-up SaaS,C,Industrial boiler combustion tuning and gas-savings verification reports.,Food/Bev,Gas Savings %,Combustion AI,Low,95%,Babcock & Wilcox,3,5,3,4,2,PIVOT,"12,000","$18,000",$216,,
BI-0077,Smart Pump Optimizer,C,Smart pump-curve optimization and AI-driven fluid-flow energy reports.,Irrigation/Mines,Savings %,Pump Curve AI,Low,95%,Xylem,3,5,3,4,2,PIVOT,"10,000","$25,000",$250,,
BI-0034,Industrial Water Broker,A/C,Water-right brokerage and industrial wastewater recycling feasibility reports.,Heavy Industry,Commission %,Water Right Data,Low,70%,Veolia,3,5,4,3,2,PIVOT,"12,000","$40,000",$480,,
BI-0050,Maquila Brand Agency,D/C,Maquila employer-branding content and AI-managed factory recruitment social.,HR Directors,Monthly Retainer,Creative/IE Hybrid,Low,50%,Publicis (Employer),4,3,3,3,3,PIVOT,"3,500","$12,000",$42,,
BI-0091,Maquila Wellness SaaS,D/C,Factory-worker wellness apps and automated sick-day reduction programs.,HR Directors,Per User/Month,Health IE Data,Low,80%,Virgin Pulse,4,3,3,3,3,PIVOT,"3,500","$12,000",$42,,
BI-0015,Smart Tool Crib (Vision),C,"AI-vision maintenance history, tool-wear predictive alerts, and ISO-calibration logs.",Maintenance Mgrs,Monthly Sub,Computer Vision IP,Med,90%,Grainger/Fastenal,3,4,3,3,3,PIVOT,"15,000","$12,000",$180,,
BI-0017,STPS 035 Stress Audit,B/C,Warehouse SKU-velocity maps and automated inventory-slotting software.,MX HR Depts,Annual Audit Fee,Psych-Legal Knowledge,Low,95%,HR Tech Firms,5,2,4,2,4,PIVOT,"25,000","$3,000",$75,,
BI-0020,Maquila Turnover Predict,C,Maquila worker sentiment surveys and AI-predicted labor-turnover risk reports.,HR Directors,Monthly Sub,Data Correlation IP,Low,90%,ADP/Workday,4,5,4,2,2,PIVOT,"3,200","$36,000",$115,,
BI-0114,Smart Light-as-Service,A/C,Lighting retrofits-as-a-service and energy-bill savings verification.,Property Mgrs,Savings Share,Financing/IE,Med,90%,Signify (Philips),4,5,1,5,3,PIVOT,"15,000","$15,000",$225,,
BI-0118,Industrial Lubricant Sub,A/C,Industrial lubricants subscription and automated oil-analysis logs.,Maintenance,Monthly Fee,SC Logistics Moat,Low,85%,Mobil/Shell,4,4,2,3,3,PIVOT,,,,,
BI-0013,Cross-Border Payroll EOR,B/C,Cross-border entity site-selection reports and regional labor/utility data-feeds.,US Tech Firms,% of Payroll,MX Labor Law IP,Low,90%,Deel/Remote.com,4,4,2,3,3,PIVOT,"3,000","$18,000",$54,,
BI-0112,Maquila Bus AI Tracker,C,Bus-fleet GPS tracking and real-time worker-arrival notification app.,Workers/HR,Monthly Sub,GPS/Fleet Logic,Low,95%,Moovit (Enterprise),4,3,2,4,3,PIVOT,"12,000","$6,000",$72,,
BI-0144,Worker GPS Route Opti,C,Bus-route GPS traveling-salesman optimization and fuel-cut reports.,Bus Fleets,Monthly Sub,Logistics AI,Low,98%,Optibus,4,4,3,3,2,PIVOT,"3,000","$24,000",$72,,
BI-0095,Digital Onboarding SaaS,C,Digital Maquila onboarding portals and interactive factory orientation.,HR Training,Per Hire Fee,IE Training IP,Low,95%,BambooHR,4,3,2,4,3,PIVOT,"12,000","$7,200",$86,,
BI-0101,Supplier Onboarding Bot,C,Supplier-portal automation and automated tax/legal document collection.,Procurement,Per Vendor Fee,Compliance Logic,Low,98%,Coupa/Ariba,4,3,2,4,3,PIVOT,"15,000","$8,000",$120,,
BI-0142,Supplier Compliance Bot,C,Vendor-compliance bots and automated SOC2/ISO cert-tracking.,Procurement,Per Vendor,Compliance Logic,Low,98%,Ivalua,4,3,2,4,3,PIVOT,"15,000","$8,000",$120,,
BI-0060,Smart PPE Vending SaaS,A/C,Smart PPE vending machines and automated employee-usage tracking software.,Safety Mgrs,Per-Item Fee,Inventory Logic IP,Med,90%,MSC Industrial,3,4,2,4,3,PIVOT,"15,000","$8,400",$126,,
BI-0128,Fractional Lean Master,D/C,Fractional Lean-Six-Sigma Master and digital Kaizen-event logs.,$20M Plants,Monthly Retainer,Lean Pedigree,Low,40%,McKinsey (Mid-Mkt),4,4,3,3,2,PIVOT,"6,000","$30,000",$180,,
BI-0046,Industrial Uniform RFID,A/C,RFID-tracked uniform cleaning services and automated garment-loss reports.,Plant Managers,Per-User Fee,Asset Tracking IP,Med,90%,Cintas,3,4,2,4,3,PIVOT,"15,000","$12,000",$180,,
BI-0105,Smart Tool Lockers,C,RFID tool-locker hardware and real-time tool-loss dashboard.,Floor Managers,Monthly Sub,Access Control IP,Med,90%,Stanley Black&Decker,3,4,2,4,3,PIVOT,"15,000","$12,000",$180,,
BI-0100,Floor Scrubber RaaS,C,Autonomous floor-scrubber leasing and cleanliness-reporting software.,Facility Mgrs,Monthly Lease,Robotics Ops IP,Med,90%,Tennant/Nilfisk,3,4,2,4,3,PIVOT,"15,000","$18,000",$270,,
BI-0141,Robotic Floor Cleaner,C,Robotic scrubber-as-a-service and automated square-footage logs.,Huge Maquilas,Monthly Lease,Robotics Ops,Med,90%,Avidbots,3,4,2,4,3,PIVOT,"15,000","$18,000",$270,,
BI-0010,AI-Safety Incident Log,C,Real-time safety hazard reporting app and automated worker-compensation risk reports.,EHS Managers,Monthly Sub,STPS Regulatory IP,Low,95%,Insurance Cos,4,4,2,3,3,PIVOT,"25,000","$12,000",$300,,
BI-0071,Dead Stock Liquidator,A/C,Dead-stock liquidation auction platform and cash-recovery reports.,Inventory Mgrs,% of Sale,Secondary Market IP,Low,90%,Liquidity Services,4,4,2,3,3,PIVOT,"45,000","$15,000",$675,,
BI-0043,Used CNC Marketplace,A/C,Used machine valuation reports and escrow-managed industrial marketplace.,Machine Shops,% Commission,Machine Valuation IP,Low,80%,Machinery Network,4,4,2,3,3,PIVOT,"400,000","$25,000","$10,000",,
BI-0155,Legal Deadman,LegalTech,Auto-scraping of Mexican official gazettes.,Compliance Officers,SaaS Subscription,Localized Law Database,Low,95%,Wolters Kluwer / LexisNexis,5,2,3,3,3,PIVOT,"10,000","$2,500",$25,,
BI-0082,Industrial Benefit Bench,C,Industrial regional benefit-benchmarking and labor-cost-projection reports.,HR Directors,Subscription,Competitive Data,Low,95%,Mercer/Tower Watson,5,3,2,3,3,PIVOT,"8,000","$6,000",$48,,
BI-0023,Industrial Solar Broker,A/C,"Solar-PPA brokerage, installation oversight, and federal energy-credit tracking.",Factory Owners,Commission %,Financing Network,Low,60%,SunPower/Tesla,4,4,2,4,2,PIVOT,"42,000","$35,000","$1,470",,
BI-0065,Conveyor Health SaaS,C,Predictive conveyor-health dashboards and automated motor-failure alerts.,Sorting Centers,Subscription,Vibration/Heat Data,Low,95%,Daifuku/Dematic,3,5,2,4,2,PIVOT,"10,000","$30,000",$300,,
BI-0110,Compressed Air Sub,A/C,"Compressed-air ""as-a-Service"" (CFM billing) and leakage audits.",Small Shops,Per CFM Fee,Reliability Moat,Med,85%,Quincy Compressor,3,5,2,4,2,PIVOT,"25,000","$12,000",$300,,
BI-0092,Solvent Recycling SaaS,A/C,Chemical solvent recycling-as-a-service and onsite recovery reports.,Machine Shops,Savings %,Chemical IE IP,Med,85%,Safety-Kleen,3,5,2,4,2,PIVOT,"45,000","$8,000",$360,,
BI-0133,Solvent Recovery RaaS,A/C,Chemical recovery-as-a-service and onsite solvent-purity reports.,Machine Shops,Savings Share,Chemistry IP,Med,85%,Clean Planet,3,5,2,4,2,PIVOT,"45,000","$8,000",$360,,
BI-0096,Peak Shaving Battery,A/C,Battery-storage peak-shaving and real-time grid-price arbitrage.,Energy Mgrs,Savings Share,Grid Pricing AI,High,95%,Stem/Enel,3,5,2,4,2,PIVOT,"15,000","$45,000",$675,,
BI-0132,Maquila Fitness SaaS,D/C,Maquila fitness center management and worker biometric health logs.,Workers,Per User/Month,Health Data IP,Low,80%,Gympass,4,3,3,2,3,PIVOT,"3,500","$12,000",$42,,
BI-0067,Cross-Border Carpool,C,Employee carpool matching app and Maquila attendance-integration reports.,Maquila Staff,Per Ride/Sub,Network Moat,Low,95%,Uber (Enterprise),4,3,3,2,3,PIVOT,"12,000","$5,000",$60,,
BI-0029,Industrial Real Estate AI,C,Real-time industrial property pricing data and capacity-utilization heatmaps.,Investors,Subscription,Local Market Data,Low,95%,Prologis,3,4,2,3,3,PIVOT,"3,500","$18,000",$63,,
BI-0111,Industrial Sound Map,C,Industrial sound-map visualizations and OSHA hearing-protection logs.,Safety/EHS,Subscription,Acoustic AI,Low,95%,Brüel & Kjær,3,2,4,3,3,PIVOT,"15,000","$4,500",$68,,
BI-0103,Maquila Route Opti,C,Worker-bus route optimization and automated fuel-efficiency reports.,Logistics,Monthly Sub,Traveling Salesman AI,Low,98%,Route4Me,3,4,3,3,2,PIVOT,"3,000","$24,000",$72,,
BI-0078,Forklift Battery Regen,A/C,Lead-acid battery regeneration services and forklift-fleet health logs.,Warehouse Mgrs,Service Fee,Electro-Chem IP,Low,60%,EnerSys,3,4,2,3,3,PIVOT,"12,000","$9,000",$108,,
BI-0021,Reverse Logistics SaaS,C,Return-unit inspection portal and automated refurbished-good listing service.,E-comm Brands,Per-Item Fee,El Paso/MX Logic,Low,80%,FedEx/UPS,3,4,2,3,3,PIVOT,"12,000","$15,000",$180,,
BI-0052,AI-5S Compliance Cam,C,AI-camera 5S auditing and automated cleanliness-score leaderboards.,Lean Managers,Monthly Sub,Computer Vision,Low,98%,Lean Consulting Firms,3,3,4,2,3,PIVOT,"15,000","$12,000",$180,,
BI-0122,Industrial Dust Control,A/D,Industrial dust-filtration audits and air-quality compliance reports.,Mining/Mills,Project/Sub,IE Filtration IP,Med,50%,Camfil,4,3,2,3,3,PIVOT,"12,000","$15,000",$180,,
BI-0044,Industrial Ghost Kitchen,C,"Industrial ""Ghost Kitchen"" rentals and factory-wide meal-subscription software.",Food Vendors,Rent/Fee,Facility Network,Med,60%,Sodexo/Aramark,4,3,4,2,2,PIVOT,"3,500","$40,000",$140,,
BI-0156,Vendor-Swap,Marketplace,Vetted supplier DB via trade data.,Procurement Teams,Subscription / Lead Gen,Data Verification Moat,Low,70%,Alibaba / ThomasNet,4,4,2,2,3,PIVOT,"15,000","$10,000",$150,,
BI-0033,Subcontractor QC Portal,C,Tier-2 quality upload portal and automated batch-rejection notifications.,Tier-1 Suppliers,Subscription,Quality Protocol IP,Low,85%,Magna/Flex,4,4,3,2,2,PIVOT,"12,000","$15,000",$180,,
BI-0041,Fractional SC Director,D/C,"Supply chain resilience ""Stress Test"" reports and fractional logistics management.",$10M Companies,Monthly Retainer,SC Pedigree,Low,40%,FTI Consulting,4,4,2,3,2,PIVOT,"12,000","$24,000",$288,,
BI-0009,Industrial Waste Market,A/C,"Industrial byproduct marketplace, specialized recycler vetting, and salvage-value tracking.",Recyclers/Plants,Commission %,Network + Logistics,Low,60%,Waste Management,4,4,2,3,2,PIVOT,"25,000","$24,000",$600,,
BI-0129,MX Labor Law Bot,B/C,Mexican labor-law AI assistant and automated severance-calculator.,HR Managers,Subscription,Legal LLM,Low,95%,Littler Mendelson,5,3,2,2,3,PIVOT,"10,000","$3,600",$36,,
BI-0059,3D Spare Parts Library,C/A,"Digital ""Spare Parts"" inventory and 3D-printing-on-demand for old components.",Maintenance,Per-Part/Sub,Digital Twin Library,Low,85%,Protolabs,3,5,3,2,2,PIVOT,"10,000","$15,000",$150,,
BI-0051,Steam Trap Monitor,C,Steam-trap efficiency dashboards and automated fuel-waste tracking reports.,Chemical Plants,Monthly Sub,Thermal Logic IP,Low,95%,Spirax Sarco,2,5,3,3,2,PIVOT,"8,000","$20,000",$160,,
BI-0087,Remote Vibration Lab,C,Remote vibration FFT analysis and predictive machine-bearing health logs.,Paper/Steel,Monthly Sub,Vibration FFT AI,Low,95%,SKF/Emerson,3,5,2,3,2,PIVOT,"10,000","$18,000",$180,,
BI-0061,Warehouse Robot Sub,C,Collaborative-robot (Cobot) leasing and onsite robotic-workflow optimization.,Logistics,Monthly Lease,Robotics Ops IP,Med,90%,Locus/Linde,3,5,2,3,2,PIVOT,"10,000","$36,000",$360,,
BI-0123,Pallet Stacker RaaS,C,Autonomous pallet-stacker leasing and picking-efficiency dashboards.,Warehouses,Monthly Lease,Robotics IP,Med,90%,Teradyne,3,5,2,3,2,PIVOT,"10,000","$36,000",$360,,
BI-0028,Ergo-Motion AI Auditor,C,AI video-motion audit reports and ergonomic-injury risk-scoring dashboards.,Safety Officers,Subscription,Computer Vision/IE,Low,90%,Workers Comp Ins.,2,5,4,2,2,PIVOT,"10,000","$20,000",$200,,
BI-0056,Labor Union Data AI,D/C,Labor-union contract data-modeling and AI-driven negotiation simulators.,CEO/COO,Retainer,Negotiation Data IP,Low,70%,HR Consulting,3,5,5,2,1,PIVOT,"2,500","$30,000",$75,,
BI-0119,Factory Mold Health AI,C,Injection-mold health sensors and predictive cycle-count dashboards.,Plastic Moulders,Subscription,Cycle/Temp AI,Low,95%,Husky Injection,3,4,3,2,2,PIVOT,"5,000","$18,000",$90,,
BI-0022,AI-Shift Optimizer,C,Workforce scheduling software and automated legal-limit (overtime) shift alerts.,Plant Managers,Subscription,Labor Law Algorithm,Low,95%,Kronos,4,3,2,3,2,PIVOT,"8,000","$12,000",$96,,
BI-0026,Supplier Risk Heatmap,C,Global Tier-2 supplier risk dashboards and financial-health monitoring alerts.,Procurement VP,Subscription,Global Data Access,Low,95%,Dun & Bradstreet,3,4,2,3,2,PIVOT,"5,000","$25,000",$125,,
BI-0004,Predictive OEE Sprints,C/D,"Carbon footprint dashboards (Scope 3), emission-reduction certificates, and ESG report filing.",Mid-size Plants,Success Fee,Data Integration IP,Low,70%,Rockwell/Siemens,4,3,2,3,2,PIVOT,"8,000","$24,000",$192,,
BI-0108,Drone Yard Inventory,C,Drone-based yard management and automated auto-VIN inventory.,Auto Logistics,Per Inspection,Drone Vision AI,Low,98%,PINC Solutions,2,4,4,2,2,PIVOT,"2,000","$45,000",$90,,
BI-0149,Drone Part Delivery,C,B2B drone parts-delivery and high-velocity factory-campus logistics.,Large Complexes,Per Delivery,Drone Ops IP,High,98%,Zipline,2,4,4,2,2,PIVOT,"5,000","$72,000",$360,,
BI-0158,Energy-Drop Ins.,InsurTech / IoT,Power quality monitoring & claims.,Plant Managers,Monitoring + Comm.,Hardware Integration,Med,50%,Schneider / Munich Re,1,4,5,3,2,PIVOT,"12,000","$3,750",$45,,
BI-0127,Industrial Chiller Opti,C,Industrial chiller optimization and thermal energy-savings blueprints.,Data Centers,Savings %,Thermal AI,Low,95%,Trane,3,5,2,2,2,PIVOT,"4,000","$30,000",$120,,
BI-0157,Scrap Arbitrage,Marketplace,Transparent recycling bidding platform.,Plant Operations,Transaction Fee,Network Effect,Med,60%,Waste Management / Sims,2,5,4,3,1,PIVOT,"5,500","$40,000",$220,,
BI-0074,Onsite Gas Generation,A/C,Onsite oxygen-generation systems and per-liter medical gas subscriptions.,Hospitals/Plants,Per Liter/Month,Gas Eng IP,Med,85%,Air Liquide,2,5,2,3,2,PIVOT,"8,000","$45,000",$360,,
BI-0159,Empty-Leg LTL,Logi-Tech,Small-batch border load matching.,SME Manufacturers,Transaction Fee,Supply Density,Low,85%,Uber Freight / Hub Group,3,2,1,4,4,ARCHIVED,"25,000","$2,000",$50,,
BI-0085,Maquila Daycare Manager,A/C,Maquila onsite daycare management and working-mother retention data.,HR Benefits,Monthly Sub,Facility/Reg Moat,Med,50%,Bright Horizons,4,4,3,2,1,ARCHIVED,"3,500","$50,000",$175,,
BI-0045,HVAC Efficiency SaaS,C,HVAC IoT monitoring and automated thermodynamic energy-saving blueprints.,Facilities Mgr,Performance %,Thermal Dynamics IP,Low,95%,Carrier,3,4,2,2,2,ARCHIVED,"25,000","$15,000",$375,,
BI-0035,B2B Machine Barter,C,Machine-Hours trading platform and decentralized production-capacity marketplace.,Job Shops,Transaction Fee,Platform Network,Low,95%,Paperless Parts,3,4,4,1,2,ARCHIVED,"400,000","$5,000","$2,000",,
BI-0083,Cooling Tower Optimizer,C,Cooling tower water-usage optimization and chemical-dosing software.,Power Plants,Water Savings %,Chem-Thermal AI,Low,95%,SPX Cooling,2,5,4,2,1,ARCHIVED,"4,000","$45,000",$180,,
BI-0062,Wastewater Heat Recovery,A/C,Wastewater heat-exchange IE reports and thermal energy-recovery systems.,Textile/Food,Energy Savings %,IE Heat-Exchange IP,Med,85%,Grundfos,2,5,4,2,1,ARCHIVED,"4,000","$45,000",$180,,
BI-0106,Wastewater Heat Trap,A/C,Industrial heat-pump recovery and wastewater thermodynamics reports.,Food Plants,ROI Share,Thermodynamics,Med,90%,Alfa Laval,2,5,4,2,1,ARCHIVED,"4,000","$45,000",$180,,
BI-0072,Lean Healthcare Engine,D/C,"Healthcare ""Lean Flow"" audits and automated patient-wait-time dashboards.",Hospital Ops,Monthly Retainer,Healthcare IE IP,Low,60%,Optum/Advisory Brd,4,4,2,2,1,ARCHIVED,"2,500","$36,000",$90,,
BI-0160,Tier-2 Quality Eye,Remote Ops,AI-vision tools for remote inspection.,US Tier-1 Suppliers,Per-Unit / Monthly,Prop. Vision Models,Med,90%,Cognex / Rockwell,2,4,4,1,2,ARCHIVED,,,$900,,
BI-0115,Industrial Wi-Fi Sub,A/C,Prepaid factory-worker data plans and employer-subsidized Wi-Fi.,Workers,Monthly Fee,Telco Resale,Low,90%,Telcel/AT&T,3,2,2,2,2,ARCHIVED,,,,,
BI-0126,Warehouse VR Training,C,Warehouse VR training modules and interactive safety simulations.,Logistics HR,Subscription,3D Environment IP,Low,85%,Strivr,2,3,4,1,2,ARCHIVED,"8,000","$12,000",$96,,
BI-0066,Productivity Gamification,C,Factory-floor gamification apps and productivity-incentive management.,Floor Managers,Monthly Sub,Behavioral Psych/IE,Low,95%,BetterUp,4,3,2,1,2,ARCHIVED,"15,000","$8,000",$120,,
BI-0058,Ventilation Optimizer,C,Factory airflow fluid-dynamics reports and ventilation-optimization software.,Mining/Foundry,Energy Savings %,Fluid Dynamics IP,Low,95%,FlaktGroup,2,4,3,2,1,ARCHIVED,"3,000","$45,000",$135,,
BI-0076,SC Resilience SaaS,C,"Supply chain ""Anti-fragility"" software and global vendor-diversification maps.",Risk Managers,Subscription,Global SC Data,Low,95%,Resilinc,4,3,1,2,1,ARCHIVED,"8,000","$30,000",$240,,
BI-0147,Waste Heat to Power,A/C,Organic-Rankine-Cycle heat recovery and waste-heat power reports.,Power Plants,Energy Share,ORC Tech IP,High,90%,Ormat,2,4,3,1,1,ARCHIVED,"8,000","$120,000",$960,,
BI-0032,Lean Inventory Forecast,C,"Demand-forecasting software and automated ""Safety Stock"" replenishment alerts.",Supply Chain Dir,Monthly Sub,IE Math/Forecast,Low,95%,Oracle/NetSuite,4,5,1,1,1,ARCHIVED,"18,000","$24,000",$432,,
BI-0161,Skills-Proof Lab,HR Tech,Simulated technical technical assessments.,HR Directors,Pay-per-Candidate,Content Library,Low,75%,LinkedIn / Indeed,4,2,1,1,2,ARCHIVED,,,$350,,
BI-0068,Industrial Floor Coating,A/D,"Industrial epoxy-coating ""as-a-Service"" and warranty maintenance audits.",Facility Mgrs,Project/Sub,IE Durability IP,Low,40%,Sherwin Williams,1,3,2,1,1,ARCHIVED,"2,000","$15,000",$30,,